{
  "users": [
    {
      "id": 1,
      "url": "http://photos.dustinevans.net/Images/ClearlyGuilty/2020/JPGs/IMG_1482.jpg",
      "alt": "Alt",
      "searchterm": "Search Term"
    },
    {
      "id": 2,
      "url": "http://photos.dustinevans.net/Images/ClearlyGuilty/2020/JPGs/IMG_1492.jpg",
      "alt": "Alt",
      "searchterm": "Search Term"
    },
    {
      "id": 4,
      "url": "http://photos.dustinevans.net/Images/ClearlyGuilty/2020/JPGs/IMG_1499.jpg",
      "alt": "Libby on a bench.",
      "searchterm": "bench, outdoors, pillow, clearly guilty"
    },
    {
      "id": 5,
      "url": "http://photos.dustinevans.net/Images/ClearlyGuilty/2020/JPGs/IMG_1500.jpg",
      "alt": "Libby on a bench.",
      "searchterm": "bench, pillow, clearly guilty"
    },
    {
      "id": 6,
      "url": "http://photos.dustinevans.net/Images/ClearlyGuilty/2020/JPGs/IMG_1501.jpg",
      "alt": "",
      "searchterm": ""
    },
    {
      "id": 7,
      "url": "http://photos.dustinevans.net/Images/ClearlyGuilty/2020/JPGs/IMG_1502.jpg",
      "alt": "",
      "searchterm": ""
    },
    {
      "id": 8,
      "url": "http://photos.dustinevans.net/Images/ClearlyGuilty/2020/JPGs/IMG_1503.jpg",
      "alt": "",
      "searchterm": ""
    },
    {
      "id": 9,
      "url": "http://photos.dustinevans.net/Images/ClearlyGuilty/2020/JPGs/IMG_1504.jpg",
      "alt": "",
      "searchterm": ""
    },
    {
      "id": 10,
      "url": "http://photos.dustinevans.net/Images/ClearlyGuilty/2020/JPGs/IMG_1505.jpg",
      "alt": "",
      "searchterm": ""
    },
    {
      "id": 11,
      "url": "http://photos.dustinevans.net/Images/ClearlyGuilty/2020/JPGs/IMG_1506.jpg",
      "alt": "",
      "searchterm": ""
    },
    {
      "id": 12,
      "url": "http://photos.dustinevans.net/Images/ClearlyGuilty/2020/JPGs/IMG_1508.jpg",
      "alt": "",
      "searchterm": ""
    },
    {
      "id": 13,
      "url": "http://photos.dustinevans.net/Images/ClearlyGuilty/2020/JPGs/IMG_1514.jpg",
      "alt": "",
      "searchterm": ""
    },
    {
      "id": 14,
      "url": "http://photos.dustinevans.net/Images/ClearlyGuilty/2020/JPGs/IMG_1526.jpg",
      "alt": "",
      "searchterm": ""
    },
    {
      "id": 15,
      "url": "http://photos.dustinevans.net/Images/ClearlyGuilty/2020/JPGs/IMG_1532.jpg",
      "alt": "",
      "searchterm": ""
    },
    {
      "id": 16,
      "url": "http://photos.dustinevans.net/Images/ClearlyGuilty/2020/JPGs/IMG_1535.jpg",
      "alt": "",
      "searchterm": ""
    },
    {
      "id": 17,
      "url": "http://photos.dustinevans.net/Images/ClearlyGuilty/2020/JPGs/IMG_1554.jpg",
      "alt": "",
      "searchterm": ""
    },
    {
      "id": 18,
      "url": "http://photos.dustinevans.net/Images/ClearlyGuilty/2020/JPGs/IMG_1559.jpg",
      "alt": "",
      "searchterm": ""
    },
    {
      "id": 19,
      "url": "http://photos.dustinevans.net/Images/ClearlyGuilty/2020/JPGs/IMG_1575.jpg",
      "alt": "",
      "searchterm": ""
    },
    {
      "id": 20,
      "url": "http://photos.dustinevans.net/Images/ClearlyGuilty/2020/JPGs/IMG_1578.jpg",
      "alt": "",
      "searchterm": ""
    },
    {
      "id": 21,
      "url": "http://photos.dustinevans.net/Images/ClearlyGuilty/2020/JPGs/IMG_1579.jpg",
      "alt": "",
      "searchterm": ""
    },
    {
      "id": 22,
      "url": "http://photos.dustinevans.net/Images/ClearlyGuilty/2020/JPGs/IMG_1583.jpg",
      "alt": "",
      "searchterm": ""
    },
    {
      "id": 23,
      "url": "http://photos.dustinevans.net/Images/ClearlyGuilty/2020/JPGs/IMG_1584.jpg",
      "alt": "",
      "searchterm": ""
    },
    {
      "id": 24,
      "url": "http://photos.dustinevans.net/Images/ClearlyGuilty/2020/JPGs/IMG_1587.jpg",
      "alt": "",
      "searchterm": ""
    },
    {
      "id": 25,
      "url": "http://photos.dustinevans.net/Images/ClearlyGuilty/2020/JPGs/IMG_1590.jpg",
      "alt": "",
      "searchterm": ""
    },
    {
      "id": 26,
      "url": "http://photos.dustinevans.net/Images/ClearlyGuilty/2020/JPGs/IMG_1599.jpg",
      "alt": "",
      "searchterm": ""
    },
    {
      "id": 27,
      "url": "http://photos.dustinevans.net/Images/ClearlyGuilty/2020/JPGs/IMG_1600.jpg",
      "alt": "",
      "searchterm": ""
    },
    {
      "id": 28,
      "url": "http://photos.dustinevans.net/Images/ClearlyGuilty/2020/JPGs/IMG_1601.jpg",
      "alt": "",
      "searchterm": ""
    },
    {
      "id": 29,
      "url": "http://photos.dustinevans.net/Images/ClearlyGuilty/2020/JPGs/IMG_1602.jpg",
      "alt": "",
      "searchterm": ""
    },
    {
      "id": 30,
      "url": "http://photos.dustinevans.net/Images/ClearlyGuilty/2020/JPGs/IMG_1603.jpg",
      "alt": "",
      "searchterm": ""
    },
    {
      "id": 31,
      "url": "http://photos.dustinevans.net/Images/ClearlyGuilty/2020/JPGs/IMG_1604.jpg",
      "alt": "",
      "searchterm": ""
    },
    {
      "id": 32,
      "url": "http://photos.dustinevans.net/Images/ClearlyGuilty/2020/JPGs/IMG_1605.jpg",
      "alt": "",
      "searchterm": ""
    },
    {
      "id": 33,
      "url": "http://photos.dustinevans.net/Images/ClearlyGuilty/2020/JPGs/IMG_1606.jpg",
      "alt": "",
      "searchterm": ""
    },
    {
      "id": 34,
      "url": "http://photos.dustinevans.net/Images/ClearlyGuilty/2020/JPGs/IMG_1607.jpg",
      "alt": "",
      "searchterm": ""
    },
    {
      "id": 35,
      "url": "http://photos.dustinevans.net/Images/ClearlyGuilty/2020/JPGs/IMG_1608.jpg",
      "alt": "",
      "searchterm": ""
    },
    {
      "id": 36,
      "url": "http://photos.dustinevans.net/Images/ClearlyGuilty/2020/JPGs/IMG_1609.jpg",
      "alt": "",
      "searchterm": ""
    },
    {
      "id": 37,
      "url": "http://photos.dustinevans.net/Images/ClearlyGuilty/2020/JPGs/IMG_1610.jpg",
      "alt": "",
      "searchterm": ""
    },
    {
      "id": 38,
      "url": "http://photos.dustinevans.net/Images/ClearlyGuilty/2020/JPGs/IMG_1611.jpg",
      "alt": "",
      "searchterm": ""
    },
    {
      "id": 39,
      "url": "http://photos.dustinevans.net/Images/ClearlyGuilty/2020/JPGs/IMG_1612.jpg",
      "alt": "",
      "searchterm": ""
    },
    {
      "id": 40,
      "url": "http://photos.dustinevans.net/Images/ClearlyGuilty/2020/JPGs/IMG_1613.jpg",
      "alt": "",
      "searchterm": ""
    },
    {
      "id": 41,
      "url": "http://photos.dustinevans.net/Images/ClearlyGuilty/2020/JPGs/IMG_1614.jpg",
      "alt": "",
      "searchterm": ""
    },
    {
      "id": 42,
      "url": "http://photos.dustinevans.net/Images/ClearlyGuilty/2020/JPGs/IMG_1615.jpg",
      "alt": "",
      "searchterm": ""
    },
    {
      "id": 43,
      "url": "http://photos.dustinevans.net/Images/ClearlyGuilty/2020/JPGs/IMG_1616.jpg",
      "alt": "",
      "searchterm": ""
    },
    {
      "id": 44,
      "url": "http://photos.dustinevans.net/Images/ClearlyGuilty/2020/JPGs/IMG_1617.jpg",
      "alt": "",
      "searchterm": ""
    },
    {
      "id": 45,
      "url": "http://photos.dustinevans.net/Images/ClearlyGuilty/2020/JPGs/IMG_1618.jpg",
      "alt": "",
      "searchterm": ""
    },
    {
      "id": 46,
      "url": "http://photos.dustinevans.net/Images/ClearlyGuilty/2020/JPGs/IMG_1619.jpg",
      "alt": "",
      "searchterm": ""
    },
    {
      "id": 47,
      "url": "http://photos.dustinevans.net/Images/ClearlyGuilty/2020/JPGs/IMG_1620.jpg",
      "alt": "",
      "searchterm": ""
    },
    {
      "id": 48,
      "url": "http://photos.dustinevans.net/Images/ClearlyGuilty/2020/JPGs/IMG_1621.jpg",
      "alt": "",
      "searchterm": ""
    },
    {
      "id": 49,
      "url": "http://photos.dustinevans.net/Images/ClearlyGuilty/2020/JPGs/IMG_1622.jpg",
      "alt": "",
      "searchterm": ""
    },
    {
      "id": 50,
      "url": "http://photos.dustinevans.net/Images/ClearlyGuilty/2020/JPGs/IMG_1623.jpg",
      "alt": "",
      "searchterm": ""
    },
    {
      "id": 51,
      "url": "http://photos.dustinevans.net/Images/ClearlyGuilty/2020/JPGs/IMG_1624.jpg",
      "alt": "",
      "searchterm": ""
    },
    {
      "id": 52,
      "url": "http://photos.dustinevans.net/Images/ClearlyGuilty/2020/JPGs/IMG_1625.jpg",
      "alt": "",
      "searchterm": ""
    },
    {
      "id": 53,
      "url": "http://photos.dustinevans.net/Images/ClearlyGuilty/2020/JPGs/IMG_1626.jpg",
      "alt": "",
      "searchterm": ""
    },
    {
      "id": 54,
      "url": "http://photos.dustinevans.net/Images/ClearlyGuilty/2020/JPGs/IMG_1627.jpg",
      "alt": "",
      "searchterm": ""
    },
    {
      "id": 55,
      "url": "http://photos.dustinevans.net/Images/ClearlyGuilty/2020/JPGs/IMG_1628.jpg",
      "alt": "",
      "searchterm": ""
    },
    {
      "id": 56,
      "url": "http://photos.dustinevans.net/Images/ClearlyGuilty/2020/JPGs/IMG_1629.jpg",
      "alt": "",
      "searchterm": ""
    },
    {
      "id": 57,
      "url": "http://photos.dustinevans.net/Images/ClearlyGuilty/2020/JPGs/IMG_1630.jpg",
      "alt": "",
      "searchterm": ""
    },
    {
      "id": 58,
      "url": "http://photos.dustinevans.net/Images/ClearlyGuilty/2020/JPGs/IMG_1631.jpg",
      "alt": "",
      "searchterm": ""
    },
    {
      "id": 59,
      "url": "http://photos.dustinevans.net/Images/ClearlyGuilty/2020/JPGs/IMG_1632.jpg",
      "alt": "",
      "searchterm": ""
    },
    {
      "id": 60,
      "url": "http://photos.dustinevans.net/Images/ClearlyGuilty/2020/JPGs/IMG_1633.jpg",
      "alt": "",
      "searchterm": ""
    },
    {
      "id": 61,
      "url": "http://photos.dustinevans.net/Images/ClearlyGuilty/2020/JPGs/IMG_1634.jpg",
      "alt": "",
      "searchterm": ""
    },
    {
      "id": 62,
      "url": "http://photos.dustinevans.net/Images/ClearlyGuilty/2020/JPGs/IMG_1635.jpg",
      "alt": "",
      "searchterm": ""
    },
    {
      "id": 63,
      "url": "http://photos.dustinevans.net/Images/ClearlyGuilty/2020/JPGs/IMG_1636.jpg",
      "alt": "",
      "searchterm": ""
    },
    {
      "id": 64,
      "url": "http://photos.dustinevans.net/Images/ClearlyGuilty/2020/JPGs/IMG_1637.jpg",
      "alt": "",
      "searchterm": ""
    },
    {
      "id": 65,
      "url": "http://photos.dustinevans.net/Images/ClearlyGuilty/2020/JPGs/IMG_1638.jpg",
      "alt": "",
      "searchterm": ""
    },
    {
      "id": 66,
      "url": "http://photos.dustinevans.net/Images/ClearlyGuilty/2020/JPGs/IMG_1639.jpg",
      "alt": "",
      "searchterm": ""
    },
    {
      "id": 67,
      "url": "http://photos.dustinevans.net/Images/ClearlyGuilty/2020/JPGs/IMG_1640.jpg",
      "alt": "",
      "searchterm": ""
    },
    {
      "id": 68,
      "url": "http://photos.dustinevans.net/Images/ClearlyGuilty/2020/JPGs/IMG_1641.jpg",
      "alt": "",
      "searchterm": ""
    },
    {
      "id": 69,
      "url": "http://photos.dustinevans.net/Images/ClearlyGuilty/2020/JPGs/IMG_1642.jpg",
      "alt": "",
      "searchterm": ""
    },
    {
      "id": 70,
      "url": "http://photos.dustinevans.net/Images/ClearlyGuilty/2020/JPGs/IMG_1643.jpg",
      "alt": "",
      "searchterm": ""
    },
    {
      "id": 71,
      "url": "http://photos.dustinevans.net/Images/ClearlyGuilty/2020/JPGs/IMG_1644.jpg",
      "alt": "",
      "searchterm": ""
    },
    {
      "id": 72,
      "url": "http://photos.dustinevans.net/Images/ClearlyGuilty/2020/JPGs/IMG_1645.jpg",
      "alt": "",
      "searchterm": ""
    },
    {
      "id": 73,
      "url": "http://photos.dustinevans.net/Images/ClearlyGuilty/2020/JPGs/IMG_1646.jpg",
      "alt": "",
      "searchterm": ""
    },
    {
      "id": 74,
      "url": "http://photos.dustinevans.net/Images/ClearlyGuilty/2020/JPGs/IMG_1647.jpg",
      "alt": "",
      "searchterm": ""
    },
    {
      "id": 75,
      "url": "http://photos.dustinevans.net/Images/ClearlyGuilty/2020/JPGs/IMG_1648.jpg",
      "alt": "",
      "searchterm": ""
    },
    {
      "id": 76,
      "url": "http://photos.dustinevans.net/Images/ClearlyGuilty/2020/JPGs/IMG_1649.jpg",
      "alt": "",
      "searchterm": ""
    },
    {
      "id": 77,
      "url": "http://photos.dustinevans.net/Images/ClearlyGuilty/2020/JPGs/IMG_1650.jpg",
      "alt": "",
      "searchterm": ""
    },
    {
      "id": 78,
      "url": "http://photos.dustinevans.net/Images/ClearlyGuilty/2020/JPGs/IMG_1651.jpg",
      "alt": "",
      "searchterm": ""
    },
    {
      "id": 79,
      "url": "http://photos.dustinevans.net/Images/ClearlyGuilty/2020/JPGs/IMG_1652.jpg",
      "alt": "",
      "searchterm": ""
    },
    {
      "id": 80,
      "url": "http://photos.dustinevans.net/Images/ClearlyGuilty/2020/JPGs/IMG_1653.jpg",
      "alt": "",
      "searchterm": ""
    },
    {
      "id": 81,
      "url": "http://photos.dustinevans.net/Images/ClearlyGuilty/2020/JPGs/IMG_1654.jpg",
      "alt": "",
      "searchterm": ""
    },
    {
      "id": 82,
      "url": "http://photos.dustinevans.net/Images/ClearlyGuilty/2020/JPGs/IMG_1655.jpg",
      "alt": "",
      "searchterm": ""
    },
    {
      "id": 83,
      "url": "http://photos.dustinevans.net/Images/ClearlyGuilty/2020/JPGs/IMG_1656.jpg",
      "alt": "",
      "searchterm": ""
    },
    {
      "id": 84,
      "url": "http://photos.dustinevans.net/Images/ClearlyGuilty/2020/JPGs/IMG_1657.jpg",
      "alt": "",
      "searchterm": ""
    },
    {
      "id": 85,
      "url": "http://photos.dustinevans.net/Images/ClearlyGuilty/2020/JPGs/IMG_1658.jpg",
      "alt": "",
      "searchterm": ""
    },
    {
      "id": 86,
      "url": "http://photos.dustinevans.net/Images/ClearlyGuilty/2020/JPGs/IMG_1659.jpg",
      "alt": "",
      "searchterm": ""
    },
    {
      "id": 87,
      "url": "http://photos.dustinevans.net/Images/ClearlyGuilty/2020/JPGs/IMG_1660.jpg",
      "alt": "",
      "searchterm": ""
    },
    {
      "id": 88,
      "url": "http://photos.dustinevans.net/Images/ClearlyGuilty/2020/JPGs/IMG_1661.jpg",
      "alt": "",
      "searchterm": ""
    },
    {
      "id": 89,
      "url": "http://photos.dustinevans.net/Images/ClearlyGuilty/2020/JPGs/IMG_1662.jpg",
      "alt": "",
      "searchterm": ""
    },
    {
      "id": 90,
      "url": "http://photos.dustinevans.net/Images/ClearlyGuilty/2020/JPGs/IMG_1663.jpg",
      "alt": "",
      "searchterm": ""
    },
    {
      "id": 91,
      "url": "http://photos.dustinevans.net/Images/ClearlyGuilty/2020/JPGs/IMG_1664.jpg",
      "alt": "",
      "searchterm": ""
    }
  ]
}